City_ID,City,Country,Date,Lat,Lng,Max Temp,Humidity,Cloudiness,Wind Speed
0,Saint-Pierre,RE,2020-10-31 07:58:19,-21.34,55.48,75.2,50,20,19.46
1,Port Alfred,ZA,2020-10-31 07:58:19,-33.59,26.89,66.22,60,88,6.98
2,Yar-Sale,RU,2020-10-31 07:58:20,66.83,70.83,34.11,97,100,12.21
3,Port-Cartier,CA,2020-10-31 07:58:20,50.03,-66.87,26.6,73,0,8.05
4,Taoudenni,ML,2020-10-31 07:58:20,22.68,-3.98,76.12,23,44,12.41
5,Rikitea,PF,2020-10-31 07:58:20,-23.12,-134.97,75.31,71,0,5.7
6,Hilo,US,2020-10-31 07:58:20,19.73,-155.09,77.0,83,90,5.75
7,Tiksi,RU,2020-10-31 07:58:21,71.69,128.87,5.31,95,93,2.39
8,Bredasdorp,ZA,2020-10-31 07:58:21,-34.53,20.04,64.4,48,0,9.17
9,Nikolskoye,RU,2020-10-31 07:58:21,59.7,30.79,45.0,93,90,4.47
10,Codrington,AU,2020-10-31 07:58:21,-38.27,141.97,53.92,81,0,10.69
11,Yeppoon,AU,2020-10-31 07:58:22,-23.13,150.73,84.2,51,0,13.87
12,Norman Wells,CA,2020-10-31 07:58:22,65.28,-126.83,6.8,92,75,10.29
13,Turukhansk,RU,2020-10-31 07:58:22,65.82,87.98,11.68,92,51,14.07
14,Kontagora,NG,2020-10-31 07:58:23,10.4,5.47,81.79,33,8,4.61
15,Qaanaaq,GL,2020-10-31 07:58:23,77.48,-69.36,13.15,87,95,7.07
16,Albany,US,2020-10-31 07:58:23,42.6,-73.97,28.0,86,0,3.06
17,Catalao,BR,2020-10-31 07:58:24,-18.17,-47.95,66.63,96,68,3.58
18,Saint-Philippe,RE,2020-10-31 07:58:24,-21.36,55.77,75.2,50,20,19.46
19,Tonantins,BR,2020-10-31 07:53:41,-2.87,-67.8,74.79,97,100,2.8
20,Tautira,PF,2020-10-31 07:58:25,-17.73,-149.15,77.0,73,40,4.7
21,Ushuaia,AR,2020-10-31 07:58:25,-54.8,-68.3,48.2,70,75,18.34
22,Margate,GB,2020-10-31 07:58:26,51.38,1.39,57.99,77,53,8.01
23,Puerto Ayora,EC,2020-10-31 07:58:27,-0.74,-90.35,68.0,98,100,5.01
24,Saskylakh,RU,2020-10-31 07:58:27,71.92,114.08,-2.67,84,0,5.23
25,Hobart,AU,2020-10-31 07:56:59,-42.88,147.33,62.01,63,20,10.29
26,Grindavik,IS,2020-10-31 07:58:29,63.84,-22.43,41.0,86,40,18.34
27,Bilibino,RU,2020-10-31 07:58:29,68.05,166.44,3.81,88,95,1.63
28,Arraial Do Cabo,BR,2020-10-31 07:58:30,-22.97,-42.03,70.59,83,99,10.63
29,Santa Fe,AR,2020-10-31 07:58:30,-31.63,-60.7,50.0,80,0,3.67
30,Vaini,TO,2020-10-31 07:58:30,-21.2,-175.2,73.4,83,75,8.05
31,Santa Cruz,BO,2020-10-31 07:54:47,-17.8,-63.17,73.4,40,75,17.22
32,Busselton,AU,2020-10-31 07:58:31,-33.65,115.33,66.0,74,100,4.0
33,Mar Del Plata,AR,2020-10-31 07:58:32,-38.0,-57.56,50.0,93,0,5.82
34,Hithadhoo,MV,2020-10-31 07:58:32,-0.6,73.08,83.82,73,74,11.43
35,Punta Arenas,CL,2020-10-31 07:58:32,-53.15,-70.92,41.0,86,75,4.7
36,Avarua,CK,2020-10-31 07:58:33,-21.21,-159.78,75.2,73,100,18.34
37,Apolda,DE,2020-10-31 07:58:33,51.02,11.5,57.0,76,47,4.9
38,Bengkulu,ID,2020-10-31 07:58:33,-3.8,102.27,82.69,73,100,5.84
39,Faya,SA,2020-10-31 07:58:34,18.39,42.45,73.4,35,0,4.7
40,Bandarbeyla,SO,2020-10-31 07:58:34,9.49,50.81,81.5,65,55,14.88
41,Kodinsk,RU,2020-10-31 07:58:34,58.69,99.18,16.79,90,98,6.35
42,Bathsheba,BB,2020-10-31 07:58:34,13.22,-59.52,77.0,94,90,17.22
43,Comodoro Rivadavia,AR,2020-10-31 07:58:34,-45.87,-67.5,50.0,66,0,1.12
44,Henties Bay,NA,2020-10-31 07:58:35,-22.12,14.28,57.0,86,23,5.99
45,Severnyy,RU,2020-10-31 07:58:35,50.68,36.55,44.6,100,90,4.47
46,Longyearbyen,SJ,2020-10-31 07:58:35,78.22,15.64,14.0,78,40,3.36
47,Cidreira,BR,2020-10-31 07:58:35,-30.18,-50.21,63.03,70,100,9.28
48,Pacific Grove,US,2020-10-31 07:57:18,36.62,-121.92,51.8,76,1,6.85
49,Port Elizabeth,ZA,2020-10-31 07:58:36,-33.92,25.57,64.4,63,40,8.05
50,Hamilton,US,2020-10-31 07:57:50,39.18,-84.53,37.99,74,1,8.05
51,Fukue,JP,2020-10-31 07:58:36,32.69,128.84,62.6,45,0,4.7
52,Bud,US,2020-10-31 07:58:37,39.45,-86.18,36.0,100,1,4.72
53,Evora,PT,2020-10-31 07:58:37,38.57,-7.9,55.4,87,3,6.93
54,Mahebourg,MU,2020-10-31 07:58:37,-20.41,57.7,75.2,47,20,13.87
55,Birao,CF,2020-10-31 07:58:37,10.28,22.79,91.83,35,0,0.58
56,Boke,GN,2020-10-31 07:58:38,10.94,-14.3,76.66,84,59,0.85
57,Dikson,RU,2020-10-31 07:58:38,73.51,80.55,16.61,96,100,23.91
58,Kismayo,SO,2020-10-31 07:58:39,-0.36,42.55,84.47,66,6,11.59
59,Geraldton,AU,2020-10-31 07:58:39,-28.77,114.6,71.6,64,90,12.75
60,Pierre,US,2020-10-31 07:58:39,44.37,-100.35,55.4,50,1,16.11
61,Kaitangata,NZ,2020-10-31 07:58:39,-46.28,169.85,52.0,79,97,8.99
62,Bam,IR,2020-10-31 07:58:39,29.11,58.36,77.65,15,0,9.69
63,Ribeira Grande,PT,2020-10-31 07:58:40,38.52,-28.7,69.8,94,75,13.87
64,Hermanus,ZA,2020-10-31 07:58:40,-34.42,19.23,64.99,55,0,7.0
65,Kapaa,US,2020-10-31 07:58:40,22.08,-159.32,73.4,88,75,3.36
66,Severo-Kurilsk,RU,2020-10-31 07:58:40,50.68,156.12,40.64,90,100,36.71
67,Yellowknife,CA,2020-10-31 07:58:40,62.46,-114.35,16.0,85,40,9.17
68,Atuona,PF,2020-10-31 07:58:41,-9.8,-139.03,77.97,78,33,16.15
69,Oktyabrskiy,RU,2020-10-31 07:58:41,54.48,53.47,41.94,66,100,5.93
70,Kavaratti,IN,2020-10-31 07:58:41,10.57,72.64,86.0,74,90,6.93
71,Georgetown,MY,2020-10-31 07:55:53,5.41,100.34,89.6,70,20,11.41
72,Komsomolskiy,UZ,2020-10-31 07:58:42,40.43,71.72,60.8,18,0,2.24
73,Grand Gaube,MU,2020-10-31 07:58:42,-20.01,57.66,77.0,37,0,11.01
74,Talcher,IN,2020-10-31 07:58:42,20.95,85.22,87.21,49,92,4.92
75,Mataura,NZ,2020-10-31 07:58:42,-46.19,168.86,48.99,87,92,15.01
76,Beloha,MG,2020-10-31 07:58:43,-25.17,45.05,88.84,22,0,8.93
77,Baruun-Urt,MN,2020-10-31 07:58:43,46.68,113.28,36.59,67,100,15.97
78,Kloulklubed,PW,2020-10-31 07:58:43,7.04,134.26,84.2,79,90,13.87
79,Pitsunda,GE,2020-10-31 07:58:43,43.16,40.34,68.0,77,40,8.95
80,Mikhaylovka,RU,2020-10-31 07:58:43,50.06,43.24,53.01,93,100,1.99
81,Trofors,NO,2020-10-31 07:58:44,65.53,13.41,46.0,87,75,6.93
82,Katsuura,JP,2020-10-31 07:58:44,35.13,140.3,62.6,55,20,11.41
83,Constitucion,CL,2020-10-31 07:58:44,-35.33,-72.42,57.09,67,0,3.76
84,Balkanabat,TM,2020-10-31 07:58:45,39.51,54.37,80.87,14,0,6.44
85,Kirakira,SB,2020-10-31 07:58:45,-10.45,161.92,80.08,78,100,2.24
86,Deputatskiy,RU,2020-10-31 07:58:45,69.3,139.9,-1.37,94,100,3.69
87,Cherskiy,RU,2020-10-31 07:58:46,68.75,161.3,4.39,88,86,5.59
88,Corinto,GR,2020-10-31 07:58:46,37.94,22.96,66.99,44,0,5.99
89,Souillac,MU,2020-10-31 07:58:47,-20.52,57.52,75.2,47,20,13.87
90,Lamar,US,2020-10-31 07:58:47,33.67,-95.58,42.8,87,1,6.93
91,Parrita,CR,2020-10-31 07:58:47,9.52,-84.32,68.0,100,75,1.12
92,Isangel,VU,2020-10-31 07:58:47,-19.55,169.27,75.47,79,91,14.32
93,Conceicao Da Barra,BR,2020-10-31 07:58:48,-18.59,-39.73,73.44,88,100,3.89
94,Ponta Do Sol,PT,2020-10-31 07:58:48,32.67,-17.1,68.0,55,20,3.36
95,Parczew,PL,2020-10-31 07:58:48,51.64,22.9,43.0,100,20,5.82
96,Guerrero Negro,MX,2020-10-31 07:58:48,27.98,-114.06,64.2,70,40,5.19
97,Talnakh,RU,2020-10-31 07:58:49,69.49,88.4,14.0,85,100,33.55
98,Kodar,IN,2020-10-31 07:58:49,16.98,79.97,86.92,52,0,8.21
99,Kalmunai,LK,2020-10-31 07:58:50,7.42,81.82,87.04,60,100,7.38
100,Tanggu,CN,2020-10-31 07:58:50,39.02,117.65,64.4,23,0,8.95
101,Severodvinsk,RU,2020-10-31 07:54:36,64.56,39.83,33.8,86,75,9.33
102,Upernavik,GL,2020-10-31 07:58:51,72.79,-56.15,18.23,93,63,3.83
103,Thompson,CA,2020-10-31 07:58:51,55.74,-97.86,15.8,92,90,18.34
104,Oriximina,BR,2020-10-31 07:58:51,-1.77,-55.87,75.78,94,80,3.2
105,Bismarck,US,2020-10-31 07:56:24,46.81,-100.78,39.2,86,1,8.41
106,Jamestown,US,2020-10-31 07:54:48,42.1,-79.24,32.0,86,90,9.17
107,College,US,2020-10-31 07:58:52,64.86,-147.8,10.4,85,90,3.36
108,Bagnan,IN,2020-10-31 07:58:52,22.92,88.14,87.01,84,75,3.36
109,Namatanai,PG,2020-10-31 07:58:53,-3.67,152.43,81.63,75,75,4.5
110,Nanortalik,GL,2020-10-31 07:58:54,60.14,-45.24,27.97,91,100,10.31
111,Narsaq,GL,2020-10-31 07:55:30,60.92,-46.05,21.2,73,92,1.03
112,Lorengau,PG,2020-10-31 07:58:54,-2.02,147.27,81.1,79,100,5.37
113,Umkomaas,ZA,2020-10-31 07:58:54,-30.21,30.8,64.0,93,100,3.0
114,Pitmedden,GB,2020-10-31 07:58:54,57.34,-2.18,51.01,93,100,19.46
115,Barrow,US,2020-10-31 07:58:55,71.29,-156.79,3.2,77,1,9.17
116,Faanui,PF,2020-10-31 07:58:55,-16.48,-151.75,78.87,77,0,16.11
117,Wahiawa,US,2020-10-31 07:58:55,21.5,-158.02,75.2,94,40,1.16
118,Nushki,PK,2020-10-31 07:58:55,29.55,66.02,71.94,17,0,7.02
119,Rafaela,AR,2020-10-31 07:58:56,-31.25,-61.49,51.01,55,0,1.99
120,Prieska,ZA,2020-10-31 07:58:56,-29.66,22.75,71.71,56,78,11.14
121,Canavieiras,BR,2020-10-31 07:58:56,-15.68,-38.95,74.41,89,100,5.48
122,Wanning,CN,2020-10-31 07:58:56,18.8,110.4,78.58,75,66,14.56
123,Clyde River,CA,2020-10-31 07:58:56,70.47,-68.59,10.4,92,90,6.93
124,Olafsvik,IS,2020-10-31 07:58:57,64.89,-23.71,40.6,80,73,6.22
125,Port Macquarie,AU,2020-10-31 07:57:30,-31.43,152.92,78.01,82,26,10.8
126,Manaure,CO,2020-10-31 07:58:57,11.78,-72.44,78.85,86,57,8.52
127,East London,ZA,2020-10-31 07:58:57,-33.02,27.91,64.4,77,75,2.24
128,Sorland,NO,2020-10-31 07:58:57,67.67,12.69,48.2,76,75,21.92
129,Muncar,ID,2020-10-31 07:58:58,-8.43,114.33,81.03,71,100,5.14
130,Ambilobe,MG,2020-10-31 07:58:58,-13.2,49.05,96.6,24,0,5.75
131,Portland,US,2020-10-31 07:54:04,45.52,-122.68,45.0,87,1,3.36
132,Ostrovnoy,RU,2020-10-31 07:58:58,68.05,39.51,30.09,96,40,15.97
133,Kodiak,US,2020-10-31 07:58:58,57.79,-152.41,35.6,55,90,10.29
134,Srandakan,ID,2020-10-31 07:58:59,-7.94,110.25,83.68,71,80,8.81
135,Havelock,US,2020-10-31 07:58:59,34.88,-76.9,55.0,76,1,14.99
136,Neftcala,AZ,2020-10-31 07:58:59,39.37,49.25,73.09,63,25,5.88
137,Kawalu,ID,2020-10-31 07:58:59,-7.38,108.21,80.92,78,70,4.5
138,Fairbanks,US,2020-10-31 07:57:15,64.84,-147.72,10.99,85,90,2.28
139,Lavrentiya,RU,2020-10-31 07:59:00,65.58,-171.0,19.9,89,0,10.45
140,Hit,IQ,2020-10-31 07:59:00,33.64,42.83,82.69,15,0,9.08
141,George,ZA,2020-10-31 07:57:43,-33.96,22.46,60.8,59,20,8.05
142,Cape Town,ZA,2020-10-31 07:55:14,-33.93,18.42,70.0,42,0,24.16
143,Yakeshi,CN,2020-10-31 07:59:01,49.28,120.73,30.25,98,100,10.47
144,Bluff,NZ,2020-10-31 07:59:01,-46.6,168.33,48.99,87,69,15.01
145,Kidal,ML,2020-10-31 07:59:01,18.44,1.41,81.25,16,0,19.44
146,Kavieng,PG,2020-10-31 07:59:03,-2.57,150.8,83.08,73,100,7.67
147,Sitka,US,2020-10-31 07:59:03,57.05,-135.33,46.4,87,90,17.22
148,Juba,SS,2020-10-31 07:59:04,4.85,31.58,86.61,53,24,3.8
149,Tambovka,RU,2020-10-31 07:59:05,50.1,128.05,37.4,69,40,4.47
150,Vila Franca Do Campo,PT,2020-10-31 07:59:05,37.72,-25.43,69.8,94,75,14.99
151,Kisangani,CD,2020-10-31 07:59:05,0.52,25.2,77.0,88,75,3.36
152,Embu-Guacu,BR,2020-10-31 07:59:06,-23.85,-46.84,66.99,87,90,9.17
153,Terra Boa,BR,2020-10-31 07:59:06,-23.77,-52.44,58.82,83,21,11.34
154,New Norfolk,AU,2020-10-31 07:59:06,-42.78,147.06,62.01,40,5,1.99
155,Teguise,ES,2020-10-31 07:59:06,29.06,-13.56,69.8,56,0,9.17
156,Torbay,CA,2020-10-31 07:59:07,47.67,-52.73,36.0,64,90,13.87
157,Mehamn,NO,2020-10-31 07:59:08,71.04,27.85,27.54,90,24,12.26
158,Pisco,PE,2020-10-31 07:54:18,-13.7,-76.22,63.0,93,90,4.7
159,Tigil,RU,2020-10-31 07:59:08,57.8,158.67,30.81,94,75,5.84
160,Hofn,IS,2020-10-31 07:59:08,64.25,-15.21,45.68,78,94,20.38
161,Wentzville,US,2020-10-31 07:59:08,38.81,-90.85,42.01,87,0,8.28
162,Flinders,AU,2020-10-31 07:59:08,-34.58,150.86,66.99,76,40,4.0
163,Baoning,CN,2020-10-31 07:59:09,25.34,110.03,78.8,57,75,4.47
164,Port Hardy,CA,2020-10-31 07:59:09,50.7,-127.42,46.4,93,90,2.24
165,Flin Flon,CA,2020-10-31 07:59:09,54.77,-101.86,20.7,97,100,16.2
166,Sulina,RO,2020-10-31 07:59:09,45.16,29.65,53.49,65,54,12.1
167,Calamba,PH,2020-10-31 07:59:10,14.21,121.17,91.4,55,40,10.29
168,Kehtna,EE,2020-10-31 07:59:10,58.93,24.88,39.99,99,0,3.65
169,Begusarai,IN,2020-10-31 07:59:10,25.42,86.13,91.11,37,0,6.69
170,Kapit,MY,2020-10-31 07:59:10,2.02,112.93,85.42,84,100,2.55
171,Urumqi,CN,2020-10-31 07:59:11,43.8,87.6,50.0,37,0,8.95
172,Kurilsk,RU,2020-10-31 07:59:12,45.23,147.88,43.23,73,79,19.51
173,Yabrud,SY,2020-10-31 07:59:12,33.97,36.66,69.8,40,40,5.82
174,Nagato,JP,2020-10-31 07:59:12,34.38,131.2,64.99,48,0,9.17
175,Mitsamiouli,KM,2020-10-31 07:59:13,-11.38,43.28,79.66,72,100,4.38
176,Teterow,DE,2020-10-31 07:59:13,53.78,12.57,57.99,100,75,6.93
177,Sale,MA,2020-10-31 07:59:13,34.04,-6.82,55.4,100,90,4.99
178,Ust-Kuyga,RU,2020-10-31 07:59:13,70.02,135.6,0.79,92,100,3.22
179,Fengcheng,CN,2020-10-31 07:59:13,40.45,124.07,54.95,74,97,10.16
180,Hami,CN,2020-10-31 07:56:40,42.8,93.45,52.59,36,0,5.41
181,Wamba,NG,2020-10-31 07:59:14,8.93,8.6,82.92,39,7,1.43
182,Quatre Cocos,MU,2020-10-31 07:59:14,-20.21,57.76,77.0,47,20,13.87
183,Zabol,AF,2020-10-31 07:59:14,32.25,67.25,63.5,21,0,8.34
184,Byron Bay,AU,2020-10-31 07:55:58,-28.65,153.62,71.6,73,40,14.99
185,Guia De Isora,ES,2020-10-31 07:59:15,28.21,-16.78,78.8,21,0,11.41
186,La Ronge,CA,2020-10-31 07:59:15,55.1,-105.28,21.2,85,100,13.87
187,Deer Lake,CA,2020-10-31 07:55:15,49.17,-57.43,15.8,85,40,2.37
188,Kambove,CD,2020-10-31 07:59:16,-10.88,26.6,81.7,31,14,10.85
189,Butaritari,KI,2020-10-31 07:59:16,3.07,172.79,82.2,76,60,19.89
190,Huarmey,PE,2020-10-31 07:59:16,-10.07,-78.15,62.51,86,100,7.23
191,Tura,IN,2020-10-31 07:59:17,25.52,90.22,79.36,85,100,3.98
192,Kishapu,TZ,2020-10-31 07:59:17,-3.62,33.87,82.98,34,74,12.97
193,Acopiara,BR,2020-10-31 07:59:17,-6.1,-39.45,73.81,84,100,4.79
194,Sinnai,IT,2020-10-31 07:59:17,39.3,9.2,62.6,100,0,5.82
195,Castelnaudary,FR,2020-10-31 07:59:17,43.32,1.95,53.6,100,90,3.36
196,Atlantic Beach,US,2020-10-31 07:59:18,30.33,-81.4,73.4,69,75,16.11
197,Kimbe,PG,2020-10-31 07:59:18,-5.55,150.14,77.76,88,100,3.33
198,Camacha,PT,2020-10-31 07:59:18,33.08,-16.33,66.2,88,20,4.7
199,Iralaya,HN,2020-10-31 07:59:18,15.0,-83.23,79.77,85,100,10.98
200,Muisne,EC,2020-10-31 07:59:18,0.6,-80.03,74.01,87,100,6.82
201,Namyslow,PL,2020-10-31 07:59:19,51.08,17.72,55.0,86,100,1.01
202,Hovd,MN,2020-10-31 07:59:19,48.01,91.64,36.28,67,13,3.69
203,Eureka,US,2020-10-31 07:59:19,40.8,-124.16,46.99,93,1,3.36
204,Svetlogorsk,BY,2020-10-31 07:59:19,52.63,29.73,47.01,86,95,6.55
205,San Cristobal,VE,2020-10-31 07:59:20,7.77,-72.22,66.4,92,100,3.0
206,Dingli,MT,2020-10-31 07:59:20,35.86,14.38,69.01,77,20,2.24
207,Lebu,CL,2020-10-31 07:59:20,-37.62,-73.65,50.77,91,2,9.31
208,Kentau,KZ,2020-10-31 07:59:21,43.52,68.51,66.25,21,0,9.62
209,Nouadhibou,MR,2020-10-31 07:59:21,20.93,-17.03,66.2,88,75,14.99
210,Ocean City,US,2020-10-31 07:59:21,39.28,-74.57,37.99,86,1,4.7
211,Waihi Beach,NZ,2020-10-31 07:59:21,-37.4,175.93,64.0,88,11,6.8
212,Solnechnyy,RU,2020-10-31 07:59:21,50.72,136.63,34.11,89,100,4.92
213,Sabang,ID,2020-10-31 07:59:22,5.89,95.32,82.38,78,25,16.82
214,Isla Mujeres,MX,2020-10-31 07:59:22,21.23,-86.73,73.4,100,90,4.7
215,Nalut,LY,2020-10-31 07:59:22,30.33,10.85,61.65,67,0,8.21
216,Rognedino,RU,2020-10-31 07:59:22,53.8,33.56,46.47,87,100,5.66
217,Vung Tau,VN,2020-10-31 07:59:23,10.35,107.08,83.66,75,73,10.56
218,Xuddur,SO,2020-10-31 07:59:23,4.12,43.89,82.47,60,46,10.38
219,Vardo,NO,2020-10-31 07:59:23,70.37,31.11,33.94,86,24,15.21
220,Tuktoyaktuk,CA,2020-10-31 07:59:23,69.45,-133.04,3.76,92,86,7.54
221,Provideniya,RU,2020-10-31 07:59:24,64.38,-173.3,20.88,85,100,6.44
222,Victoria,HK,2020-10-31 07:57:05,22.29,114.16,78.8,54,20,4.7
223,Asyut,EG,2020-10-31 07:55:56,27.18,31.18,71.6,78,0,11.41
224,Port Hedland,AU,2020-10-31 07:59:25,-20.32,118.57,89.6,40,0,21.92
225,Bol,TD,2020-10-31 07:59:25,13.46,14.71,82.51,39,0,18.84
226,Pacifica,US,2020-10-31 07:59:25,37.61,-122.49,53.6,81,20,5.82
227,Manadhoo,MV,2020-10-31 07:59:25,5.77,73.38,82.69,68,100,6.15
228,Sinnamary,GF,2020-10-31 07:59:25,5.38,-52.95,78.37,89,69,8.43
229,Vao,NC,2020-10-31 07:59:26,-22.67,167.48,73.89,85,3,19.8
230,Avera,US,2020-10-31 07:59:26,33.19,-82.53,51.8,76,1,9.17
231,Andenes,NO,2020-10-31 07:59:26,69.31,16.12,41.0,78,100,20.8
232,Lundazi,ZM,2020-10-31 07:59:27,-12.29,33.18,85.26,30,1,9.73
233,Genhe,CN,2020-10-31 07:59:27,50.78,121.52,28.18,97,100,6.55
234,Saldanha,ZA,2020-10-31 07:59:28,-33.01,17.94,69.8,30,0,9.17
235,Vanimo,PG,2020-10-31 07:59:29,-2.67,141.3,82.47,73,69,6.38
236,Tabas,IR,2020-10-31 07:59:31,33.6,56.92,71.6,15,0,2.24
237,Petropavlovsk-Kamchatskiy,RU,2020-10-31 07:59:31,53.05,158.65,37.4,100,75,2.24
238,Chuy,UY,2020-10-31 07:59:32,-33.7,-53.46,52.5,87,84,2.1
239,Chiredzi,ZW,2020-10-31 07:59:32,-21.05,31.67,80.17,49,79,10.29
240,Aksu,CN,2020-10-31 07:59:32,41.12,80.26,57.49,34,0,4.56
241,Kabanjahe,ID,2020-10-31 07:59:33,3.1,98.49,72.37,85,100,1.86
242,Lukoyanov,RU,2020-10-31 07:59:33,55.03,44.48,40.87,93,100,1.72
243,Fuerte Olimpo,PY,2020-10-31 07:59:33,-21.04,-57.87,65.52,63,14,8.39
244,Nioki,CD,2020-10-31 07:59:06,-2.72,17.68,78.24,81,98,0.78
245,Masaka,UG,2020-10-31 07:59:34,-0.33,31.73,72.86,77,43,9.17
246,Ayan,RU,2020-10-31 07:59:34,56.45,138.17,29.5,89,82,3.29
247,Esperance,AU,2020-10-31 07:59:35,-33.87,121.9,95.0,16,100,14.99
248,Tasiilaq,GL,2020-10-31 07:59:35,65.61,-37.64,33.8,86,100,16.11
249,Finnsnes,NO,2020-10-31 07:59:35,69.23,17.98,28.0,100,75,21.92
250,Tual,ID,2020-10-31 07:59:35,-5.67,132.75,83.75,72,6,13.35
251,Luganville,VU,2020-10-31 07:59:36,-15.53,167.17,78.39,84,83,12.24
252,Los Llanos De Aridane,ES,2020-10-31 07:59:36,28.66,-17.92,71.6,60,0,9.17
253,Vrangel,RU,2020-10-31 07:59:36,42.73,133.08,51.78,72,100,14.41
254,Parabel,RU,2020-10-31 07:59:36,58.7,81.48,35.04,95,100,8.52
255,Santa Cruz Cabralia,BR,2020-10-31 07:54:45,-16.28,-39.02,75.2,83,75,4.7
256,Airai,TL,2020-10-31 07:59:37,-8.93,125.41,72.45,65,46,2.01
257,Khatanga,RU,2020-10-31 07:59:37,71.97,102.5,-10.73,86,0,6.08
258,Uray,RU,2020-10-31 07:59:38,60.12,64.78,37.04,87,34,10.09
259,Yatou,CN,2020-10-31 07:59:38,37.15,122.38,59.54,76,99,13.78
260,Tuatapere,NZ,2020-10-31 07:59:38,-46.13,167.68,48.99,87,9,15.01
261,Sussex,US,2020-10-31 07:54:50,41.18,-74.67,30.0,79,1,4.45
262,Cockburn Town,TC,2020-10-31 07:59:39,21.46,-71.14,82.74,80,89,20.24
263,Bethel,US,2020-10-31 07:59:39,41.37,-73.41,28.99,92,1,6.58
264,Port Blair,IN,2020-10-31 07:57:38,11.67,92.75,84.16,74,83,11.32
265,Saint-Georges,GD,2020-10-31 07:59:40,12.06,-61.75,78.8,88,75,9.17
266,Loubomo,CG,2020-10-31 07:59:40,-4.2,12.67,78.03,81,100,1.16
267,Bodo,NO,2020-10-31 07:59:41,67.28,14.4,39.99,86,75,14.99
268,Santa Isabel Do Rio Negro,BR,2020-10-31 07:59:41,-0.41,-65.02,73.87,97,100,2.64
269,Ugoofaaru,MV,2020-10-31 07:59:41,5.67,73.0,82.8,68,83,5.99
270,Castro,BR,2020-10-31 07:59:42,-24.79,-50.01,53.31,92,100,9.15
271,Timaru,NZ,2020-10-31 07:59:42,-44.4,171.25,55.0,97,100,5.01
272,Livingston,GB,2020-10-31 07:59:43,55.9,-3.52,53.6,87,75,12.75
273,Moen,NO,2020-10-31 07:59:43,69.13,18.61,28.0,100,75,21.92
274,Olinda,BR,2020-10-31 07:58:36,-8.01,-34.86,80.6,78,75,8.05
275,Killybegs,IE,2020-10-31 07:59:43,54.63,-8.45,57.2,93,90,13.87
276,Nouakchott,MR,2020-10-31 07:59:43,18.09,-15.98,69.8,73,0,12.75
277,Nemuro,JP,2020-10-31 07:59:44,43.32,145.57,46.4,65,20,2.24
278,Sturgeon Bay,US,2020-10-31 07:59:44,44.83,-87.38,28.4,74,1,5.82
279,Port Jervis,US,2020-10-31 07:59:44,41.38,-74.69,26.01,41,0,4.72
280,Corn Island,NI,2020-10-31 07:59:45,12.17,-83.04,82.94,77,79,11.05
281,Luderitz,NA,2020-10-31 07:59:45,-26.65,15.16,73.9,29,72,25.41
282,Salalah,OM,2020-10-31 07:59:45,17.02,54.09,87.8,27,0,10.29
283,Carbonia,IT,2020-10-31 07:59:45,39.17,8.52,51.8,81,20,2.24
284,Sambava,MG,2020-10-31 07:59:46,-14.27,50.17,75.36,64,96,16.44
285,Sobolevo,RU,2020-10-31 07:59:46,54.43,31.9,46.78,93,100,4.45
286,Seredka,RU,2020-10-31 07:59:46,58.16,28.19,46.4,87,40,2.24
287,Odienne,CI,2020-10-31 07:59:47,9.51,-7.57,75.6,66,0,1.21
288,Chokurdakh,RU,2020-10-31 07:59:47,70.63,147.92,9.39,96,100,5.86
289,Anadyr,RU,2020-10-31 07:59:48,64.75,177.48,8.6,84,75,8.95
290,Tahe,CN,2020-10-31 07:59:49,52.33,124.73,28.87,98,100,10.18
291,Uruacu,BR,2020-10-31 07:59:49,-14.52,-49.14,70.38,94,100,2.26
292,Laguna,US,2020-10-31 07:59:49,38.42,-121.42,53.01,76,1,2.1
293,Inhambane,MZ,2020-10-31 07:59:50,-23.86,35.38,82.4,58,40,11.41
294,Taizhou,CN,2020-10-31 07:59:50,32.49,119.91,73.0,99,68,5.14
295,Saint George,US,2020-10-31 07:58:29,37.1,-113.58,53.6,25,1,3.36
296,Smithers,CA,2020-10-31 07:59:46,54.78,-127.17,26.6,100,90,1.72
297,Plaster Rock,CA,2020-10-31 07:59:50,46.91,-67.39,23.0,73,1,5.23
298,Soligalich,RU,2020-10-31 07:59:51,59.08,42.29,39.06,93,100,3.98
299,Sulangan,PH,2020-10-31 07:59:51,11.14,123.72,83.28,79,100,13.76
300,Lagos,NG,2020-10-31 07:56:22,6.58,3.75,78.8,94,20,3.24
301,Karasjok,NO,2020-10-31 07:59:51,69.47,25.51,24.8,73,57,43.62
302,Sola,VU,2020-10-31 07:59:52,-13.88,167.55,80.55,82,100,19.19
303,Ous,RU,2020-10-31 07:59:52,60.91,61.52,39.58,83,85,8.7
304,Ust-Maya,RU,2020-10-31 07:59:52,60.42,134.53,1.74,92,76,2.91
305,Carnarvon,AU,2020-10-31 07:59:52,-24.87,113.63,77.0,65,40,18.34
306,Juneau,US,2020-10-31 07:59:52,58.3,-134.42,42.8,87,90,18.34
307,Northam,GB,2020-10-31 07:59:53,51.03,-4.22,57.99,95,100,15.01
308,Coihaique,CL,2020-10-31 07:59:53,-45.58,-72.07,44.6,81,0,5.82
309,Ambikapur,IN,2020-10-31 07:59:54,23.12,83.2,82.4,42,14,8.12
310,Xai-Xai,MZ,2020-10-31 07:59:54,-25.05,33.64,78.73,71,66,10.09
311,Normal,US,2020-10-31 07:59:55,40.51,-88.99,36.0,86,1,9.17
312,Haines Junction,CA,2020-10-31 07:59:55,60.75,-137.51,15.8,72,100,2.24
313,Larap,PH,2020-10-31 07:59:55,14.3,122.65,82.17,74,100,19.1
314,Misratah,LY,2020-10-31 07:59:55,32.38,15.09,70.81,63,98,12.24
315,Menongue,AO,2020-10-31 07:59:56,-14.66,17.69,81.66,46,62,3.83
316,Lata,PT,2020-10-31 07:59:57,40.16,-8.33,57.0,93,20,3.36
317,San Vicente,AR,2020-10-31 07:59:57,-26.62,-54.13,54.16,96,45,1.63
318,Khash,IR,2020-10-31 07:59:57,28.22,61.22,72.1,13,0,2.86
319,Grand-Lahou,CI,2020-10-31 07:59:58,5.14,-5.02,80.26,85,11,6.8
320,Koslan,RU,2020-10-31 07:59:58,63.46,48.9,35.13,84,75,8.84
321,Vestmannaeyjar,IS,2020-10-31 07:59:58,63.44,-20.27,46.49,79,74,21.18
322,Changping,CN,2020-10-31 07:59:59,40.22,116.22,66.2,10,0,20.13
323,Filingue,NE,2020-10-31 07:59:59,14.35,3.32,86.25,13,0,12.82
324,Quelimane,MZ,2020-10-31 07:57:28,-17.88,36.89,87.48,55,5,9.28
325,Yulara,AU,2020-10-31 07:59:59,-25.24,130.99,87.8,8,0,5.82
326,Mareeba,AU,2020-10-31 07:57:04,-17.0,145.43,82.4,65,40,5.82
327,Torbat-E Jam,IR,2020-10-31 08:00:02,35.24,60.62,70.59,13,0,5.46
328,Murray Bridge,AU,2020-10-31 08:00:03,-35.12,139.27,55.99,82,0,4.0
329,Shubarshi,KZ,2020-10-31 08:00:04,48.59,57.19,56.05,37,0,16.46
330,Antofagasta,CL,2020-10-31 07:58:17,-23.65,-70.4,57.2,82,90,6.93
331,Vostok,RU,2020-10-31 08:00:05,46.49,135.88,34.52,88,100,4.56
332,Bontang,ID,2020-10-31 08:00:07,0.13,117.5,81.01,78,100,5.39
333,Verkhoyansk,RU,2020-10-31 08:00:08,67.54,133.38,-4.77,89,100,4.25
334,Almeirim,BR,2020-10-31 08:00:08,-1.52,-52.58,74.7,86,100,4.76
335,Sao Goncalo Do Amarante,BR,2020-10-31 08:00:09,-3.61,-38.97,80.01,76,42,11.01
336,Malazgirt,TR,2020-10-31 08:00:09,39.14,42.54,67.84,24,100,9.33
337,Belmonte,BR,2020-10-31 08:00:09,-15.86,-38.88,75.2,83,75,4.7
338,Lichinga,MZ,2020-10-31 08:00:10,-13.31,35.24,73.4,56,75,16.11
339,Cabo San Lucas,MX,2020-10-31 07:56:57,22.89,-109.91,72.0,78,13,4.72
340,Lasa,IT,2020-10-31 08:00:11,46.62,10.7,39.2,80,5,8.05
341,Dzaoudzi,YT,2020-10-31 08:00:11,-12.79,45.27,82.4,65,20,12.75
342,Lewisville,US,2020-10-31 07:59:25,33.05,-96.99,52.0,76,1,3.36
343,San Patricio,US,2020-10-31 08:00:12,28.02,-97.52,50.0,100,1,3.58
344,Lucapa,AO,2020-10-31 08:00:12,-8.42,20.74,78.62,75,97,1.54
345,Kralendijk,BQ,2020-10-31 08:00:12,12.15,-68.27,80.6,94,49,8.05
346,Boyolangu,ID,2020-10-31 08:00:13,-8.12,111.89,78.58,81,93,3.29
347,Sangar,RU,2020-10-31 08:00:13,63.92,127.47,-10.34,89,0,3.38
348,Valdivia,CL,2020-10-31 07:57:17,-39.81,-73.25,41.0,100,0,2.24
349,Lapy,PL,2020-10-31 08:00:14,52.99,22.88,51.01,100,75,6.17
350,Baijiantan,CN,2020-10-31 08:00:14,45.63,85.18,48.45,47,0,4.03
351,Mineral Wells,US,2020-10-31 07:58:38,32.81,-98.11,48.99,75,1,4.7
352,Lakatoro,VU,2020-10-31 08:00:15,-16.1,167.42,79.59,80,100,14.72
353,Touros,BR,2020-10-31 08:00:15,-5.2,-35.46,75.2,94,40,4.7
354,Bassano,CA,2020-10-31 08:00:16,50.78,-112.47,37.4,64,1,17.22
355,Jhanjharpur,IN,2020-10-31 08:00:16,26.27,86.28,91.76,39,25,6.44
356,Aklavik,CA,2020-10-31 08:00:16,68.22,-135.01,1.4,84,25,3.36
357,Chik,RU,2020-10-31 08:00:17,54.99,82.43,35.6,98,90,13.42
358,Ilulissat,GL,2020-10-31 08:00:17,69.22,-51.1,19.4,67,100,3.36
359,Nautla,MX,2020-10-31 08:00:18,20.22,-96.78,65.19,73,23,10.38
360,Smoky Lake,CA,2020-10-31 08:00:18,54.12,-112.47,28.4,79,96,13.87
361,Nogliki,RU,2020-10-31 08:00:18,51.83,143.17,38.25,77,100,8.1
362,Ikalamavony,MG,2020-10-31 08:00:19,-21.15,46.58,79.92,25,0,8.7
363,Carauari,BR,2020-10-31 08:00:19,-4.88,-66.9,71.83,98,100,1.83
364,Auki,SB,2020-10-31 08:00:19,-8.77,160.7,79.54,83,100,3.27
365,Leningradskiy,RU,2020-10-31 08:00:19,69.38,178.42,18.68,92,80,15.03
366,Talca,CL,2020-10-31 08:00:20,-35.43,-71.67,55.4,82,0,2.24
367,Labuhan,ID,2020-10-31 08:00:21,-6.88,112.21,85.59,62,44,9.62
368,Hualmay,PE,2020-10-31 08:00:21,-11.1,-77.61,62.11,86,100,7.85
369,Kiruna,SE,2020-10-31 08:00:22,67.86,20.23,26.6,86,100,18.34
370,Hobyo,SO,2020-10-31 08:00:22,5.35,48.53,83.19,67,94,5.35
371,Padang,ID,2020-10-31 08:00:22,-0.95,100.35,84.13,65,100,4.52
372,Ucluelet,CA,2020-10-31 07:58:18,48.93,-125.55,39.99,88,1,2.68
373,Batsfjord,NO,2020-10-31 08:00:23,70.63,29.72,27.59,92,8,14.16
374,Sao Filipe,CV,2020-10-31 08:00:23,14.9,-24.5,79.34,67,100,16.51
375,Papara,BR,2020-10-31 08:00:24,-3.98,-38.73,80.01,83,75,8.05
376,Nioro,GM,2020-10-31 08:00:25,13.35,-15.75,75.38,48,97,2.55
377,Coquimbo,CL,2020-10-31 07:58:17,-29.95,-71.34,51.8,93,23,1.12
378,Kosa,RU,2020-10-31 08:00:26,59.94,55.0,35.96,93,100,7.54
379,Doha,QA,2020-10-31 07:55:39,25.29,51.53,87.8,48,0,8.05
380,Beihai,CN,2020-10-31 08:00:27,21.48,109.1,77.86,74,96,3.0
381,Panalingaan,PH,2020-10-31 08:00:27,8.78,117.42,79.47,85,100,0.83
382,Gat,IL,2020-10-31 07:59:59,31.61,34.76,80.01,38,0,4.0
383,Pishin,PK,2020-10-31 07:58:31,30.58,67.0,67.6,20,0,6.64
384,Kenai,US,2020-10-31 08:00:29,60.55,-151.26,25.0,67,1,6.93
385,Klaksvik,FO,2020-10-31 08:00:30,62.23,-6.59,46.4,93,100,13.87
386,Catamarca,AR,2020-10-31 08:00:31,-28.47,-65.79,64.0,35,0,4.0
387,Nikki,BJ,2020-10-31 08:00:31,9.94,3.21,81.86,38,25,1.57
388,Pimentel,PE,2020-10-31 08:00:31,-6.84,-79.93,61.68,91,100,9.08
389,Jiaocheng,CN,2020-10-31 08:00:32,24.68,116.14,82.71,44,1,2.68
390,Zatoka,UA,2020-10-31 08:00:34,46.07,30.47,50.0,93,90,11.18
391,Creel,MX,2020-10-31 08:00:34,27.75,-107.63,47.26,52,100,1.97
392,Aripuana,BR,2020-10-31 08:00:35,-9.17,-60.63,72.07,95,94,3.4
393,Urucui,BR,2020-10-31 08:00:35,-7.23,-44.56,77.05,83,99,4.59
394,Kurchum,KZ,2020-10-31 08:00:35,48.57,83.65,42.75,61,0,7.31
395,Charters Towers,AU,2020-10-31 08:00:36,-20.1,146.27,90.1,16,0,4.63
396,Hasaki,JP,2020-10-31 08:00:36,35.73,140.83,59.0,58,20,8.05
397,Sai Buri,TH,2020-10-31 08:00:36,6.7,101.62,86.0,74,20,8.05
398,Cuaspud,CO,2020-10-31 08:00:37,0.86,-77.73,45.82,87,100,4.12
399,Dali,CN,2020-10-31 08:00:38,25.7,100.18,68.7,70,35,4.56
400,Nonthaburi,TH,2020-10-31 08:00:38,13.75,100.5,90.0,74,40,6.93
401,Ambunti,PG,2020-10-31 08:00:38,-4.24,142.84,81.9,77,78,4.16
402,Paamiut,GL,2020-10-31 08:00:39,61.99,-49.67,26.8,89,69,21.61
403,Nome,US,2020-10-31 07:59:30,64.5,-165.41,19.4,79,1,9.17
404,Kadaya,RU,2020-10-31 08:00:40,50.93,119.29,25.79,98,100,14.25
405,Bac Lieu,VN,2020-10-31 08:00:40,9.29,105.72,85.21,72,45,13.87
406,Kiunga,PG,2020-10-31 08:00:41,-6.12,141.29,83.35,76,92,2.62
407,Naze,JP,2020-10-31 08:00:41,28.37,129.48,73.4,60,40,23.04
408,Eldorado,BR,2020-10-31 08:00:41,-23.79,-54.28,61.34,90,44,5.82
409,Dalvik,IS,2020-10-31 08:00:42,65.97,-18.53,42.8,74,0,18.34
410,Gornopravdinsk,RU,2020-10-31 08:00:42,60.05,69.9,34.27,90,100,9.22
411,Kyaikkami,MM,2020-10-31 08:00:42,16.08,97.57,84.65,76,100,11.32
412,Moree,AU,2020-10-31 08:00:11,-29.47,149.85,77.0,25,40,12.62
413,Husavik,IS,2020-10-31 08:00:43,66.04,-17.34,42.8,68,0,18.34
414,Skibbereen,IE,2020-10-31 08:00:43,51.55,-9.27,50.0,87,75,25.28
415,Middelburg,ZA,2020-10-31 07:59:28,-25.78,29.46,73.71,42,62,12.41
416,Miquelon,PM,2020-10-31 08:00:44,47.1,-56.38,35.69,79,96,18.97
417,Aulla,IT,2020-10-31 08:00:44,44.21,9.97,59.0,85,4,4.0
418,Yook,PH,2020-10-31 08:00:45,13.23,121.96,83.7,72,100,13.15
419,Koshurnikovo,RU,2020-10-31 08:00:45,54.17,93.3,30.85,99,100,8.66
420,Balotra,IN,2020-10-31 08:00:45,25.83,72.23,90.03,12,0,4.81
421,Tres Lagoas,BR,2020-10-31 08:00:46,-20.75,-51.68,66.72,73,100,7.29
422,Mosquera,CO,2020-10-31 08:00:46,4.71,-74.23,53.6,93,75,2.24
423,Kruisfontein,ZA,2020-10-31 08:00:47,-34.0,24.73,66.0,60,1,3.0
424,Wenling,CN,2020-10-31 08:00:47,28.37,121.36,66.67,68,0,8.99
425,Abu Zabad,SD,2020-10-31 08:00:48,12.35,29.25,88.81,32,43,3.31
426,Bitung,ID,2020-10-31 08:00:48,1.45,125.18,80.6,88,40,5.82
427,Salinopolis,BR,2020-10-31 08:00:49,-0.61,-47.36,78.24,85,72,9.95
428,Zeya,RU,2020-10-31 08:00:49,53.75,127.27,29.77,94,100,6.17
429,Lexington,US,2020-10-31 08:00:49,37.99,-84.48,36.0,86,1,4.7
430,Amahai,ID,2020-10-31 08:00:50,-3.33,128.92,83.71,67,65,6.78
431,Skagen,DK,2020-10-31 08:00:50,57.72,10.58,53.01,89,45,13.0
432,Cadoneghe,IT,2020-10-31 08:00:51,45.44,11.93,55.0,100,0,1.12
433,Marienburg,PL,2020-10-31 08:00:51,54.04,19.03,45.0,100,8,3.27
434,Kulhudhuffushi,MV,2020-10-31 08:00:51,6.62,73.07,82.54,70,21,6.35
435,Trincomalee,LK,2020-10-31 08:00:52,8.57,81.23,83.34,74,72,13.89
436,Tommot,RU,2020-10-31 08:00:52,58.96,126.29,8.78,93,100,3.49
437,Cayenne,GF,2020-10-31 08:00:52,4.93,-52.33,77.0,100,0,9.22
438,Progreso,MX,2020-10-31 08:00:52,21.28,-89.67,75.99,83,75,9.89
439,Bambous Virieux,MU,2020-10-31 08:00:52,-20.34,57.76,77.0,47,20,13.87
440,Nantucket,US,2020-10-31 07:59:30,41.28,-70.1,42.01,60,1,12.75
441,Saint Anthony,US,2020-10-31 08:00:53,45.02,-93.22,37.99,59,1,14.99
442,Sterling,US,2020-10-31 07:58:47,39.01,-77.43,39.2,86,20,3.36
443,Praia,CV,2020-10-31 08:00:04,14.92,-23.51,77.0,78,0,21.92
444,Pangnirtung,CA,2020-10-31 08:00:54,66.15,-65.71,13.23,80,100,4.03
445,Sheopur,IN,2020-10-31 08:00:54,25.67,76.7,87.87,13,2,6.69
446,Grants,US,2020-10-31 08:00:54,35.15,-107.85,35.6,93,1,3.36
447,Bonfim,BR,2020-10-31 08:00:55,3.08,-59.95,78.06,79,0,5.46
448,Tifton,US,2020-10-31 08:00:55,31.45,-83.51,53.6,87,1,3.36
449,Shimoda,JP,2020-10-31 08:00:55,34.67,138.95,62.6,48,20,12.75
450,Kandy,LK,2020-10-31 08:00:56,7.3,80.64,85.15,52,100,5.26
451,Inirida,CO,2020-10-31 08:00:56,3.87,-67.92,75.33,96,88,0.87
452,Kushiro,JP,2020-10-31 08:00:57,42.98,144.37,50.0,66,40,8.05
453,Egvekinot,RU,2020-10-31 08:00:58,66.32,-179.17,12.2,82,0,8.12
454,Khowst,AF,2020-10-31 08:00:58,33.38,69.88,70.75,17,0,4.76
455,Bonthe,SL,2020-10-31 08:00:58,7.53,-12.51,79.41,81,16,2.13
456,Bajil,YE,2020-10-31 08:00:59,15.06,43.29,91.58,39,0,5.64
457,Panuco,MX,2020-10-31 08:00:59,22.05,-98.17,60.21,77,0,3.87
458,Rudsar,IR,2020-10-31 08:00:59,37.14,50.29,69.8,94,90,2.24
459,Mackay,AU,2020-10-31 08:00:00,-21.15,149.2,82.4,65,29,19.46
460,Sechura,PE,2020-10-31 08:01:00,-5.56,-80.82,62.74,86,89,7.99
461,Vanavara,RU,2020-10-31 08:01:00,60.34,102.28,12.18,94,100,7.02
462,Karratha,AU,2020-10-31 08:01:00,-20.74,116.85,86.59,44,0,17.31
463,Botro,CI,2020-10-31 08:01:02,7.85,-5.31,76.8,82,2,2.55
464,Hornepayne,CA,2020-10-31 08:01:02,49.21,-84.77,25.16,95,0,5.91
465,Fortuna,US,2020-10-31 08:01:02,40.6,-124.16,46.4,93,1,6.93
466,Mukhen,RU,2020-10-31 08:01:03,48.1,136.1,40.64,76,100,4.81
467,Kungurtug,RU,2020-10-31 08:01:03,50.6,97.52,27.07,87,99,11.3
468,Zyryanka,RU,2020-10-31 08:01:03,65.75,150.85,2.93,93,100,3.24
469,Kachug,RU,2020-10-31 08:01:03,53.96,105.88,29.41,95,100,0.81
470,Umm Kaddadah,SD,2020-10-31 08:01:04,13.6,26.69,86.25,18,0,12.26
471,Lagoa,PT,2020-10-31 08:01:04,39.05,-27.98,68.4,92,100,24.43
472,Tynda,RU,2020-10-31 08:01:04,55.17,124.72,20.3,95,100,4.27
473,Dingle,PH,2020-10-31 08:01:04,11.0,122.67,82.96,81,100,8.46
474,Garowe,SO,2020-10-31 08:01:05,8.41,48.48,84.52,37,26,6.98
475,Kushima,JP,2020-10-31 08:01:05,31.46,131.23,66.2,55,40,11.41
476,Bukachacha,RU,2020-10-31 08:01:06,52.98,116.92,29.35,87,100,4.41
477,Camacupa,AO,2020-10-31 08:01:06,-12.02,17.48,76.95,61,84,2.89
478,Boende,CD,2020-10-31 08:01:06,-0.22,20.87,82.81,62,67,3.62
479,Caohai,CN,2020-10-31 08:01:06,26.87,104.28,59.65,84,95,7.58
480,Warrington,GB,2020-10-31 08:01:07,53.39,-2.58,59.0,77,75,24.16
481,Alice Springs,AU,2020-10-31 07:56:32,-23.7,133.88,84.2,11,0,5.82
482,Buraydah,SA,2020-10-31 07:58:59,26.33,43.98,75.2,31,0,10.29
483,Najran,SA,2020-10-31 08:01:07,17.49,44.13,75.2,25,0,9.17
484,Bodaybo,RU,2020-10-31 08:01:08,57.85,114.19,23.56,88,96,2.64
485,Yukamenskoye,RU,2020-10-31 08:01:09,57.89,52.24,35.85,93,99,8.19
486,Mutsu,JP,2020-10-31 08:01:09,41.29,141.22,57.2,58,20,13.87
487,Sturgis,US,2020-10-31 08:01:09,41.8,-85.42,28.99,92,1,3.36
488,Iqaluit,CA,2020-10-31 07:56:18,63.75,-68.51,17.6,78,90,9.17
489,Russell,US,2020-10-31 08:01:09,32.35,-85.2,51.8,93,1,5.97
490,Lakes Entrance,AU,2020-10-31 08:01:10,-37.88,147.98,64.0,80,51,5.01
491,Caloundra,AU,2020-10-31 08:01:10,-26.8,153.13,71.01,89,100,3.0
492,Mardin,TR,2020-10-31 08:01:10,37.31,40.74,78.8,14,40,13.87
493,Leova,MD,2020-10-31 08:01:10,46.48,28.26,49.89,62,100,8.72
494,Half Moon Bay,US,2020-10-31 08:01:11,37.46,-122.43,54.0,66,1,1.54
495,Urengoy,RU,2020-10-31 08:01:11,65.97,78.37,33.94,97,100,15.88
496,Calatayud,ES,2020-10-31 08:01:11,41.35,-1.64,55.99,54,0,8.99
497,Asau,RO,2020-10-31 08:01:12,46.43,26.4,43.0,95,100,2.62
498,Altar,MX,2020-10-31 08:01:12,30.7,-111.82,60.22,36,98,0.6
499,Teya,RU,2020-10-31 08:01:13,60.38,92.63,16.95,88,88,2.39
500,Kunming,CN,2020-10-31 07:58:48,25.04,102.72,72.0,72,90,13.42
501,San Quintin,MX,2020-10-31 08:01:14,30.48,-115.95,63.95,68,82,3.85
502,Tacuati,PY,2020-10-31 08:01:14,-23.45,-56.58,63.57,79,68,3.31
503,Svetlyy,RU,2020-10-31 08:01:15,54.67,20.13,48.99,81,75,2.24
504,Clovis,US,2020-10-31 08:00:52,36.83,-119.7,60.8,51,1,4.7
505,Pedernales,DO,2020-10-31 08:01:15,18.04,-71.74,80.46,70,100,2.75
506,Monrovia,LR,2020-10-31 08:00:05,6.3,-10.8,77.0,94,75,2.37
507,Carutapera,BR,2020-10-31 08:01:16,-1.2,-46.02,76.32,87,42,5.97
508,Mingaora,PK,2020-10-31 08:01:16,34.78,72.36,77.94,14,0,5.21
509,Bluefields,NI,2020-10-31 08:01:17,12.01,-83.76,75.2,95,100,5.48
510,Tucuman,AR,2020-10-31 07:57:41,-26.82,-65.22,51.8,66,0,5.82
511,Talara,PE,2020-10-31 08:01:18,-4.58,-81.27,63.21,88,96,12.15
512,Vakhtan,RU,2020-10-31 08:01:18,57.97,46.69,39.33,92,100,4.07
513,Langfang,CN,2020-10-31 08:01:18,39.51,116.69,69.01,20,0,10.13
514,Presidencia Roque Saenz Pena,AR,2020-10-31 08:01:18,-26.79,-60.44,57.0,67,0,3.0
515,Havoysund,NO,2020-10-31 08:01:19,71.0,24.66,30.2,68,0,25.28
516,Mercedes,AR,2020-10-31 08:01:19,-34.65,-59.43,46.99,99,0,2.75
517,Raudeberg,NO,2020-10-31 08:01:19,61.99,5.14,44.01,83,46,11.01
518,Wexford,IE,2020-10-31 08:01:20,52.33,-6.46,54.0,89,100,11.01
519,Kharp,RU,2020-10-31 08:01:20,66.8,65.81,34.75,94,100,8.25
520,Maragogi,BR,2020-10-31 08:01:20,-9.01,-35.22,75.27,88,80,6.42
521,Sur,OM,2020-10-31 08:01:20,22.57,59.53,83.08,35,52,10.33
522,Fallon,US,2020-10-31 08:01:21,39.47,-118.78,51.01,27,1,5.82
523,Belogorsk,RU,2020-10-31 08:01:21,50.92,128.46,37.85,76,100,9.19
524,Puerto Escondido,MX,2020-10-31 08:01:21,15.85,-97.07,76.37,65,96,6.51
525,Dryden,CA,2020-10-31 08:01:10,49.78,-92.75,33.8,74,75,17.22
526,Santa Barbara,US,2020-10-31 08:00:23,34.73,-120.03,53.6,100,90,5.53
527,Kuusamo,FI,2020-10-31 08:01:22,65.97,29.18,19.4,92,20,1.12
528,Dongsheng,CN,2020-10-31 08:01:23,39.82,109.98,43.5,52,100,22.84
529,Duiwelskloof,ZA,2020-10-31 08:01:23,-23.69,30.14,73.06,52,86,9.31
530,Shakhunya,RU,2020-10-31 08:01:23,57.68,46.61,38.52,93,100,3.53
531,Curillo,CO,2020-10-31 08:01:25,1.03,-75.92,72.66,95,100,1.03
532,Kormilovka,RU,2020-10-31 08:01:25,55.0,74.1,42.8,56,0,11.18
533,Gwalior,IN,2020-10-31 08:01:01,26.22,78.18,87.78,13,24,9.53
534,Port Augusta,AU,2020-10-31 08:01:25,-32.5,137.77,66.0,68,0,20.8
535,Puerto Narino,CO,2020-10-31 08:01:26,-3.77,-70.38,71.6,100,90,2.24
536,Namie,JP,2020-10-31 08:01:26,37.48,141.0,57.2,50,20,4.7
537,Pevek,RU,2020-10-31 08:01:26,69.7,170.31,20.01,98,100,7.07
538,Paidha,UG,2020-10-31 08:01:26,2.42,30.99,64.24,91,95,1.57
539,Port Lincoln,AU,2020-10-31 08:01:26,-34.73,135.87,58.93,73,10,13.56
540,Lerwick,GB,2020-10-31 08:01:27,60.15,-1.15,50.0,76,40,25.28
541,Merauke,ID,2020-10-31 08:01:27,-8.47,140.33,84.2,73,22,16.49
542,Meadow Lake,US,2020-10-31 08:01:27,34.8,-106.54,46.4,65,75,4.7
543,Namibe,AO,2020-10-31 08:01:28,-15.2,12.15,79.32,65,60,6.04
544,Cap Malheureux,MU,2020-10-31 08:01:28,-19.98,57.61,77.0,37,0,10.0
545,San Isidro,PE,2020-10-31 08:01:28,-12.12,-77.05,62.6,82,75,10.29
546,Kargil,IN,2020-10-31 08:01:29,34.57,76.1,39.7,47,29,1.77
547,Dunedin,NZ,2020-10-31 07:56:31,-45.87,170.5,51.01,91,100,5.01
548,Fort Nelson,CA,2020-10-31 08:00:04,58.81,-122.7,15.8,92,20,4.7
549,Igurubi,TZ,2020-10-31 08:01:32,-4.0,33.7,81.61,33,41,7.0
550,Impfondo,CG,2020-10-31 08:01:32,1.64,18.07,77.14,83,77,1.72
551,Jequitinhonha,BR,2020-10-31 08:01:32,-16.43,-41.0,70.3,86,100,2.51
552,Atar,MR,2020-10-31 08:01:33,20.52,-13.05,81.95,16,89,9.19
553,Nabire,ID,2020-10-31 08:01:33,-3.37,135.48,83.61,75,78,3.53
554,Lubango,AO,2020-10-31 08:01:33,-14.92,13.49,62.6,55,75,6.93
555,Bilma,NE,2020-10-31 08:01:34,18.69,12.92,75.63,28,0,14.38
556,Mandalgovi,MN,2020-10-31 08:01:34,45.76,106.27,32.83,68,0,21.3
557,Oytal,KZ,2020-10-31 08:01:35,42.91,73.27,58.53,30,0,5.03
558,Banda Aceh,ID,2020-10-31 08:01:35,5.56,95.32,84.74,68,53,12.68
559,Mount Isa,AU,2020-10-31 08:00:14,-20.73,139.5,91.4,11,0,8.05
560,Kiama,AU,2020-10-31 08:01:35,-34.68,150.87,66.0,81,27,1.99
561,Kampong Thum,KH,2020-10-31 08:01:36,12.71,104.89,90.0,62,45,8.01
562,Vila Velha,BR,2020-10-31 08:00:18,-20.33,-40.29,71.6,100,90,8.05
563,Platanos,GR,2020-10-31 08:01:36,37.67,21.62,62.6,77,0,2.17
564,Raga,SS,2020-10-31 08:01:37,8.46,25.68,79.02,68,97,2.91
565,Chulym,RU,2020-10-31 08:01:37,55.1,80.96,33.42,99,100,8.41
566,Peterhead,GB,2020-10-31 07:56:57,57.51,-1.8,51.01,93,100,19.46
567,Vestmanna,FO,2020-10-31 08:01:37,62.16,-7.17,46.4,93,100,13.87
568,Qandala,SO,2020-10-31 08:01:37,11.47,49.87,83.59,52,0,9.33
569,Tahoua,NE,2020-10-31 08:01:38,14.89,5.27,77.0,14,0,6.93
570,Awbari,LY,2020-10-31 08:01:38,26.59,12.78,64.87,48,0,12.24
571,Hambantota,LK,2020-10-31 08:01:38,6.12,81.12,91.4,66,90,6.93
572,Lososina,RU,2020-10-31 08:01:39,49.0,140.31,41.25,72,100,5.21
573,Cabedelo,BR,2020-10-31 08:00:21,-6.98,-34.83,75.2,94,75,5.82
574,Miracema Do Tocantins,BR,2020-10-31 08:01:39,-9.56,-48.4,75.27,90,100,2.51
575,Kahului,US,2020-10-31 08:01:40,20.89,-156.47,80.6,61,1,12.75
576,Ixtapa,MX,2020-10-31 08:01:40,20.7,-105.2,74.88,82,100,1.99
577,Petatlan,MX,2020-10-31 08:01:40,17.52,-101.27,73.9,83,2,4.23
578,Tocache,PE,2020-10-31 08:01:40,-8.18,-76.51,70.86,90,100,2.62
579,Nurota,UZ,2020-10-31 08:01:41,40.56,65.69,64.4,17,23,2.24
580,Manggar,ID,2020-10-31 08:01:41,-2.88,108.27,84.99,68,99,5.44
581,Palencia,ES,2020-10-31 08:01:42,42.42,-4.5,50.0,89,12,5.93
582,Kieta,PG,2020-10-31 08:00:16,-6.22,155.63,80.82,77,100,1.95
583,Willowmore,ZA,2020-10-31 08:01:42,-33.29,23.49,60.87,40,0,13.15
584,Conceicao Das Alagoas,BR,2020-10-31 08:01:42,-19.91,-48.39,66.83,87,63,5.99
585,Luwuk,ID,2020-10-31 08:01:43,-0.95,122.79,80.76,75,99,4.12
586,Toccoa,US,2020-10-31 08:01:43,34.58,-83.33,44.6,93,1,4.45
587,Marzuq,YE,2020-10-31 08:01:43,14.4,46.47,78.44,21,0,5.23
588,Gamba,GA,2020-10-31 08:01:44,-2.65,10.0,77.85,86,98,3.42
589,Cortez,US,2020-10-31 08:01:44,37.35,-108.59,34.0,68,1,5.82
590,Contamana,PE,2020-10-31 08:01:44,-7.33,-75.02,71.15,98,100,3.49
591,Shieli,KZ,2020-10-31 08:01:45,44.17,66.75,65.35,24,0,11.45
592,Sena Madureira,BR,2020-10-31 08:01:45,-9.07,-68.66,69.89,89,97,3.38
593,Belle Glade,US,2020-10-31 08:01:45,26.68,-80.67,75.99,87,100,10.74
594,Ituango,CO,2020-10-31 08:01:45,7.17,-75.76,59.45,94,99,2.28
595,Harper,LR,2020-10-31 08:01:45,4.38,-7.72,79.05,87,36,10.02
596,Wittmund,DE,2020-10-31 08:01:46,53.57,7.78,57.2,93,100,8.05
597,Jardim,BR,2020-10-31 08:01:46,-21.48,-56.14,64.27,93,90,3.53
598,Shelburne,CA,2020-10-31 08:01:47,44.08,-80.2,24.8,85,20,4.25
599,Zhezkazgan,KZ,2020-10-31 08:01:47,47.8,67.71,51.44,39,1,7.78
600,Pampierstad,ZA,2020-10-31 08:01:47,-27.78,24.69,79.99,24,100,11.03
601,Ardakan,IR,2020-10-31 08:01:47,32.31,54.02,71.6,15,0,4.7
602,Guerrero,MX,2020-10-31 08:01:48,17.67,-100.0,65.3,70,46,1.59
603,Otaru,JP,2020-10-31 08:01:48,43.19,141.0,51.8,66,20,3.36
604,Sao Jose Da Coroa Grande,BR,2020-10-31 08:01:49,-8.9,-35.15,75.85,87,76,7.45
605,Ahipara,NZ,2020-10-31 08:01:49,-35.17,173.17,64.22,95,39,8.59
606,Conceicao Do Araguaia,BR,2020-10-31 07:57:09,-8.26,-49.26,73.47,94,100,2.33
607,Darhan,MN,2020-10-31 08:01:49,49.49,105.92,37.18,64,98,3.76
608,High Level,CA,2020-10-31 08:01:50,58.52,-117.14,23.0,92,90,4.23
609,Cookeville,US,2020-10-31 08:01:50,36.16,-85.5,39.0,93,1,4.23
610,Balakhninskiy,RU,2020-10-31 08:01:50,58.01,114.28,23.5,87,95,2.55
611,Polunochnoye,RU,2020-10-31 08:01:51,60.87,60.42,38.16,84,85,8.14
612,Las Matas De Farfan,DO,2020-10-31 08:01:51,18.87,-71.52,71.35,82,99,3.76
613,Casambalangan,PH,2020-10-31 08:01:51,18.38,122.13,77.49,79,74,18.23
614,Tias,ES,2020-10-31 08:01:51,28.96,-13.64,69.8,56,0,9.17
615,Huaihua,CN,2020-10-31 08:01:52,27.55,109.96,57.24,89,100,2.64
616,Tocopilla,CL,2020-10-31 08:01:52,-22.09,-70.2,61.07,63,44,5.44
617,Bozuyuk,TR,2020-10-31 08:01:52,39.91,30.04,55.4,76,20,6.93
618,Novyy Urgal,RU,2020-10-31 08:01:52,51.07,132.56,34.7,83,100,2.8
619,Khani,GE,2020-10-31 08:01:53,41.96,42.96,64.4,72,75,6.93
620,Caravelas,BR,2020-10-31 08:01:53,-17.71,-39.25,72.52,94,57,4.05
621,Omagh,GB,2020-10-31 08:01:53,54.6,-7.3,58.37,87,100,20.2
622,Lompoc,US,2020-10-31 08:01:53,34.64,-120.46,55.4,93,90,5.5
623,Ibanda,TZ,2020-10-31 08:01:54,-2.8,32.47,71.6,88,75,5.82
624,Ribeira Brava,PT,2020-10-31 08:01:54,32.65,-17.07,68.0,55,20,3.36
625,North Bend,US,2020-10-31 08:01:54,43.41,-124.22,50.0,100,1,3.36
626,Yichang,CN,2020-10-31 08:01:54,30.71,111.28,61.0,79,100,1.99
627,Chicama,PE,2020-10-31 08:01:55,-7.84,-79.15,62.47,86,100,4.88
628,Broken Hill,AU,2020-10-31 08:01:55,-31.95,141.43,68.0,52,75,13.87
629,Nortelandia,BR,2020-10-31 08:01:55,-14.45,-56.8,68.74,85,94,2.93
630,Hukuntsi,BW,2020-10-31 08:01:55,-24.0,21.75,88.63,13,80,22.12
631,Wasilla,US,2020-10-31 08:01:55,61.58,-149.44,12.0,92,1,5.37
632,Pestovo,RU,2020-10-31 08:01:56,58.59,35.8,45.14,87,72,4.9
633,Asha,RU,2020-10-31 08:01:56,55.0,57.27,43.65,62,100,5.01
634,Charlottesville,US,2020-10-31 07:58:00,38.03,-78.48,42.8,60,1,3.09
635,Kilindoni,TZ,2020-10-31 08:01:56,-7.91,39.67,80.83,71,71,12.48
636,Manacapuru,BR,2020-10-31 08:01:58,-3.3,-60.62,77.0,94,75,6.93
637,Vilyuysk,RU,2020-10-31 08:01:58,63.76,121.62,-9.17,89,28,1.28
638,Weinan,CN,2020-10-31 08:01:58,34.5,109.51,64.4,42,0,6.71
639,Santa Maria,BR,2020-10-31 08:01:58,-29.68,-53.81,55.42,81,98,7.61
640,Eydhafushi,MV,2020-10-31 08:01:59,5.1,73.07,82.81,70,36,5.68
641,Sikeston,US,2020-10-31 08:01:59,36.88,-89.59,37.4,100,1,4.85
642,Shiraz,IR,2020-10-31 08:01:59,29.6,52.54,72.0,13,0,2.84
643,Adrar,MR,2020-10-31 08:02:00,20.5,-10.07,80.08,17,100,9.15
644,Goderich,CA,2020-10-31 08:00:04,43.75,-81.72,33.8,74,91,5.82
645,Muros,ES,2020-10-31 08:02:00,42.78,-9.06,63.0,90,100,21.99
646,Baguinge,PH,2020-10-31 08:02:00,16.78,121.11,76.37,76,99,4.7
647,Bela,IN,2020-10-31 08:02:01,25.93,81.98,88.27,21,63,7.0
648,Agadir,MA,2020-10-31 08:02:01,30.42,-9.6,59.0,51,0,3.36
649,Marystown,CA,2020-10-31 08:02:01,47.17,-55.15,35.01,100,100,3.0
650,Saint-Louis,SN,2020-10-31 08:02:02,16.33,-15.0,77.0,44,0,2.24
651,Mount Gambier,AU,2020-10-31 08:00:15,-37.83,140.77,55.4,71,90,12.75
652,Qaqortoq,GL,2020-10-31 08:02:03,60.72,-46.03,21.2,73,96,1.5
653,Mvangue,CM,2020-10-31 08:02:03,2.97,11.52,73.33,90,95,1.16
654,Bow Island,CA,2020-10-31 08:02:03,49.87,-111.37,41.0,69,100,18.34
655,Tebingtinggi,ID,2020-10-31 08:02:03,3.33,99.16,87.44,62,97,3.94
656,Jerome,US,2020-10-31 08:02:04,42.72,-114.52,48.2,42,1,13.87
657,Ballina,AU,2020-10-31 08:02:04,-28.87,153.57,73.4,73,40,14.99
658,Puerto Colombia,CO,2020-10-31 08:02:06,10.99,-74.95,75.2,100,75,3.36
659,Bubaque,GW,2020-10-31 08:02:06,11.28,-15.83,83.98,68,98,6.22
660,Meulaboh,ID,2020-10-31 08:02:06,4.14,96.13,84.43,67,63,7.61
661,Freeport,US,2020-10-31 08:02:06,40.66,-73.58,37.4,69,1,6.93
662,Denpasar,ID,2020-10-31 08:02:07,-8.65,115.22,78.44,78,98,7.74
663,Matara,LK,2020-10-31 08:02:08,5.95,80.54,86.43,64,39,11.95
664,Sangueya,GN,2020-10-31 08:02:08,10.7,-14.37,76.86,85,91,1.48
665,Lubbock,US,2020-10-31 08:02:08,33.6,-101.83,48.2,66,40,9.17
666,Pozo Colorado,PY,2020-10-31 08:02:09,-23.49,-58.8,61.7,71,95,8.1
667,Qostanay,KZ,2020-10-31 08:00:54,53.17,63.58,42.8,89,0,8.95
668,Maniitsoq,GL,2020-10-31 08:02:09,65.42,-52.9,20.37,85,93,6.24
669,Celestun,MX,2020-10-31 08:02:09,20.87,-90.4,75.96,83,50,10.67
670,Ishinomaki,JP,2020-10-31 08:02:10,38.42,141.3,59.0,51,20,6.93
671,Ndele,CF,2020-10-31 08:02:10,8.41,20.65,81.7,67,55,5.1
672,Liepaja,LV,2020-10-31 08:02:10,56.54,21.04,42.8,100,0,1.12
673,El Alto,PE,2020-10-31 08:02:10,-4.27,-81.21,61.95,90,83,11.3
674,Charlestown,AU,2020-10-31 08:02:11,-32.95,151.67,69.01,79,66,1.01
675,Singkang,MY,2020-10-31 08:02:11,2.1,102.8,87.8,70,40,5.82
676,Baghdad,IQ,2020-10-31 08:02:11,33.34,44.4,82.4,23,0,11.41
677,Dudinka,RU,2020-10-31 08:02:12,69.41,86.18,14.0,85,100,33.55
678,Bria,CF,2020-10-31 08:02:12,6.54,21.99,74.19,87,90,2.59
